{
  "source_points": [
    [
      720.0,
      405.0
    ],
    [
      1200.0,
      405.0
    ],
    [
      1200.0,
      675.0
    ],
    [
      720.0,
      675.0
    ]
  ],
  "destination_points": [
    [
      0.0,
      0.0
    ],
    [
      300.0,
      0.0
    ],
    [
      300.0,
      200.0
    ],
    [
      0.0,
      200.0
    ]
  ],
  "press_width_mm": 300.0,
  "press_height_mm": 200.0,
  "transformation_matrix": [
    [
      0.6249999999999999,
      2.4671622769447922e-17,
      -449.99999999999994
    ],
    [
      -4.7369515717340015e-17,
      0.7407407407407404,
      -299.9999999999998
    ],
    [
      -4.440892098500625e-19,
      -0.0,
      1.0
    ]
  ],
  "pixels_per_mm": 1.475000023841858,
  "timestamp": "2025-10-29T20:55:59.782969"
}