{
  "projector_pixels": [
    [
      284.01885986328125,
      277.89154052734375
    ],
    [
      783.052001953125,
      245.90402221679688
    ],
    [
      656.0435791015625,
      720.7186889648438
    ],
    [
      240.0159454345703,
      653.744873046875
    ]
  ],
  "target_pixels": {
    "width": 1920,
    "height": 1080
  },
  "press_width_mm": 400,
  "press_height_mm": 200,
  "pixels_per_mm": 1.854,
  "timestamp": "2025-10-29T23:12:36.143620"
}