{
  "projector_pixels": [
    [
      35.00232696533203,
      27.989076614379883
    ],
    [
      1162.0771484375,
      64.97463989257812
    ],
    [
      1219.0809326171875,
      813.6824340820312
    ],
    [
      216.01434326171875,
      797.6886596679688
    ]
  ],
  "target_pixels": {
    "width": 1255,
    "height": 854
  },
  "press_width_mm": 400,
  "press_height_mm": 200,
  "pixels_per_mm": 3.287,
  "timestamp": "2025-10-29T22:34:27.126520"
}