{
  "projector_pixels": [
    [
      4.000782012939453,
      0.9994781017303467
    ],
    [
      1200.0,
      405.0
    ],
    [
      1200.0,
      675.0
    ],
    [
      720.0,
      675.0
    ]
  ],
  "target_pixels": {
    "width": 1920,
    "height": 1080
  },
  "press_width_mm": 400,
  "press_height_mm": 200,
  "transformation_matrix": [
    [
      1.0012063068257175,
      -1.0635940321113384,
      -2.9425692393635052
    ],
    [
      -0.3382007817414853,
      1.0012063068257175,
      0.3523838253667772
    ],
    [
      -0.00031314887198285676,
      -0.0005539552250579888,
      1.0
    ]
  ],
  "pixels_per_mm": 2.252988586425781,
  "timestamp": "2025-10-29T22:03:52.291406"
}