{
  "source_points": [
    [
      216.042236328125,
      177.03431701660156
    ],
    [
      825.1613159179688,
      156.03024291992188
    ],
    [
      764.1493530273438,
      648.1256103515625
    ],
    [
      212.04144287109375,
      689.133544921875
    ]
  ],
  "destination_points": [
    [
      0.0,
      0.0
    ],
    [
      400.0,
      0.0
    ],
    [
      400.0,
      200.0
    ],
    [
      0.0,
      200.0
    ]
  ],
  "press_width_mm": 400.0,
  "press_height_mm": 200.0,
  "transformation_matrix": [
    [
      0.5946798285817222,
      0.00464595734102209,
      -129.29845395077743
    ],
    [
      0.011546168208801697,
      0.33483938971852034,
      -61.77252266992414
    ],
    [
      -8.018714915889014e-05,
      -0.0001826540178040576,
      1.0
    ]
  ],
  "pixels_per_mm": 2.001509428024292,
  "timestamp": "2025-10-29T21:36:33.236166"
}