{
  "projector_pixels": [
    [
      202.0,
      194.0
    ],
    [
      1256.0,
      141.0
    ],
    [
      1124.199951171875,
      956.5999755859375
    ],
    [
      224.0,
      815.0
    ]
  ],
  "target_pixels": {
    "width": 1920,
    "height": 1080
  },
  "press_width_mm": 400,
  "press_height_mm": 200,
  "pixels_per_mm": 3.385,
  "timestamp": "2025-10-30T13:06:04.841203"
}