{
  "projector_pixels": [
    [
      1120.0,
      136.20001220703125
    ],
    [
      1817.5999755859375,
      110.60000610351562
    ],
    [
      1792.0,
      953.3999633789062
    ],
    [
      1075.199951171875,
      937.3999633789062
    ]
  ],
  "target_pixels": {
    "width": 1920,
    "height": 1058
  },
  "press_width_mm": 700,
  "press_height_mm": 300,
  "pixels_per_mm": 1.904,
  "press_id": "press2",
  "timestamp": "2025-11-04T23:09:48.732000"
}