{
  "projector_pixels": [
    [
      92.8000259399414,
      123.40000915527344
    ],
    [
      934.4000244140625,
      94.60000610351562
    ],
    [
      895.9999389648438,
      956.5999755859375
    ],
    [
      83.20000457763672,
      953.3999633789062
    ]
  ],
  "target_pixels": {
    "width": 1920,
    "height": 1058
  },
  "press_width_mm": 600,
  "press_height_mm": 400,
  "pixels_per_mm": 1.78,
  "press_id": "press1",
  "timestamp": "2025-11-04T23:09:24.712075"
}