{
  "projector_pixels": [
    [
      362.6000061035156,
      134.6999969482422
    ],
    [
      692.0,
      214.5
    ],
    [
      648.0,
      498.8999938964844
    ],
    [
      284.3999938964844,
      414.8999938964844
    ]
  ],
  "target_pixels": {
    "width": 960,
    "height": 540
  },
  "press_width_mm": 300,
  "press_height_mm": 300,
  "pixels_per_mm": 1.045,
  "press_id": "press1",
  "timestamp": "2025-11-06T15:44:16.400380"
}